{"cameraMode":{"drawMode":0,"name":"Shaded","section":"Shading Mode"},"sceneLighting":true,"audioPlay":false,"sceneViewState":{"m_AlwaysRefresh":false,"showFog":true,"showSkybox":true,"showFlares":true,"showImageEffects":true,"showParticleSystems":true,"showVisualEffectGraphs":true,"m_FxEnabled":true},"in2DMode":false,"pivot":{"x":-1.8320424556732178,"y":-1.3873610496520997,"z":-1.718595027923584},"rotation":{"x":0.16691014170646668,"y":-0.059119824320077899,"z":0.010026690550148487,"w":0.9841479063034058},"size":11.596199989318848,"orthographic":true}