{"cameraMode":{"drawMode":0,"name":"Shaded","section":"Shading Mode"},"sceneLighting":true,"audioPlay":false,"sceneViewState":{"m_AlwaysRefresh":false,"showFog":true,"showSkybox":true,"showFlares":true,"showImageEffects":true,"showParticleSystems":true,"showVisualEffectGraphs":true,"m_FxEnabled":true},"in2DMode":false,"pivot":{"x":0.0072626471519470219,"y":2.6060237884521486,"z":-16.676795959472658},"rotation":{"x":0.008394806645810604,"y":-0.026995819061994554,"z":0.00022671613260172307,"w":0.9996018409729004},"size":7.2227373123168949,"orthographic":true}